2016-08-08 16:36:08.613726,0.05235987901687622,0.1186823844909668,frames/2016-08-08 16:36:08.613726.png
2016-08-08 16:36:09.115024,0.10471975803375244,0.1186823844909668,frames/2016-08-08 16:36:09.115024.png
2016-08-08 16:36:09.620293,0.10471975803375244,0.1186823844909668,frames/2016-08-08 16:36:09.620293.png
2016-08-08 16:36:10.122499,0.05235987901687622,0.1186823844909668,frames/2016-08-08 16:36:10.122499.png
2016-08-08 16:36:10.625074,0.10471975803375244,0.1186823844909668,frames/2016-08-08 16:36:10.625074.png
2016-08-08 16:36:11.126089,0.15707963705062866,0.1186823844909668,frames/2016-08-08 16:36:11.126089.png
2016-08-08 16:36:11.627715,0.20943951606750488,0.1186823844909668,frames/2016-08-08 16:36:11.627715.png
2016-08-08 16:36:12.132637,0.20943951606750488,0.1186823844909668,frames/2016-08-08 16:36:12.132637.png
2016-08-08 16:36:12.637109,0.20943951606750488,0.1186823844909668,frames/2016-08-08 16:36:12.637109.png
2016-08-08 16:36:13.137913,0.2617993950843811,0.1186823844909668,frames/2016-08-08 16:36:13.137913.png
2016-08-08 16:36:13.641062,0.2617993950843811,0.1186823844909668,frames/2016-08-08 16:36:13.641062.png
2016-08-08 16:36:14.143569,0.2617993950843811,0.1186823844909668,frames/2016-08-08 16:36:14.143569.png
2016-08-08 16:36:14.649025,0.2617993950843811,0.1186823844909668,frames/2016-08-08 16:36:14.649025.png
2016-08-08 16:36:15.151416,0.20943951606750488,0.1186823844909668,frames/2016-08-08 16:36:15.151416.png
2016-08-08 16:36:15.652426,0.15707963705062866,0.1186823844909668,frames/2016-08-08 16:36:15.652426.png
2016-08-08 16:36:17.159354,1.3877787807814457e-17,0.1186823844909668,frames/2016-08-08 16:36:17.159354.png
2016-08-08 16:36:17.661885,-0.05235987901687622,0.1186823844909668,frames/2016-08-08 16:36:17.661885.png
2016-08-08 16:36:18.166052,1.3877787807814457e-17,0.1186823844909668,frames/2016-08-08 16:36:18.166052.png
2016-08-08 16:36:18.670392,1.3877787807814457e-17,0.1186823844909668,frames/2016-08-08 16:36:18.670392.png
2016-08-08 16:36:19.176372,1.3877787807814457e-17,0.1186823844909668,frames/2016-08-08 16:36:19.176372.png
2016-08-08 16:36:19.682094,1.3877787807814457e-17,0.1186823844909668,frames/2016-08-08 16:36:19.682094.png
2016-08-08 16:36:20.186809,1.3877787807814457e-17,0.1186823844909668,frames/2016-08-08 16:36:20.186809.png
2016-08-08 16:36:20.690414,1.3877787807814457e-17,0.1186823844909668,frames/2016-08-08 16:36:20.690414.png
2016-08-08 16:36:21.195602,1.3877787807814457e-17,0.1186823844909668,frames/2016-08-08 16:36:21.195602.png
2016-08-08 16:36:21.700576,1.3877787807814457e-17,0.12217305183410644,frames/2016-08-08 16:36:21.700576.png
2016-08-08 16:36:22.201795,0.05235987901687622,0.12217305183410644,frames/2016-08-08 16:36:22.201795.png
2016-08-08 16:36:22.703252,0.05235987901687622,0.12217305183410644,frames/2016-08-08 16:36:22.703252.png
2016-08-08 16:36:23.206632,0.10471975803375244,0.12217305183410644,frames/2016-08-08 16:36:23.206632.png
2016-08-08 16:36:23.709473,0.10471975803375244,0.12217305183410644,frames/2016-08-08 16:36:23.709473.png
2016-08-08 16:36:24.210302,0.15707963705062866,0.12217305183410644,frames/2016-08-08 16:36:24.210302.png
2016-08-08 16:36:24.714259,0.15707963705062866,0.12217305183410644,frames/2016-08-08 16:36:24.714259.png
2016-08-08 16:36:25.219027,0.20943951606750488,0.12217305183410644,frames/2016-08-08 16:36:25.219027.png
2016-08-08 16:36:25.723965,0.2617993950843811,0.12217305183410644,frames/2016-08-08 16:36:25.723965.png
2016-08-08 16:36:26.228718,0.3141592741012573,0.12217305183410644,frames/2016-08-08 16:36:26.228718.png
2016-08-08 16:36:26.733467,0.3141592741012573,0.12217305183410644,frames/2016-08-08 16:36:26.733467.png
2016-08-08 16:36:27.236682,0.36651915311813354,0.12217305183410644,frames/2016-08-08 16:36:27.236682.png
2016-08-08 16:36:27.739267,0.3141592741012573,0.12217305183410644,frames/2016-08-08 16:36:27.739267.png
2016-08-08 16:36:28.241433,0.3141592741012573,0.12217305183410644,frames/2016-08-08 16:36:28.241433.png
2016-08-08 16:36:28.742626,0.2617993950843811,0.12217305183410644,frames/2016-08-08 16:36:28.742626.png
2016-08-08 16:36:29.247338,0.2617993950843811,0.12217305183410644,frames/2016-08-08 16:36:29.247338.png
2016-08-08 16:36:29.748772,0.15707963705062866,0.12217305183410644,frames/2016-08-08 16:36:29.748772.png
2016-08-08 16:36:30.253495,0.10471975803375244,0.12217305183410644,frames/2016-08-08 16:36:30.253495.png
2016-08-08 16:36:30.754911,-0.05235987901687622,0.12217305183410644,frames/2016-08-08 16:36:30.754911.png
2016-08-08 16:36:31.257075,-0.10471975803375244,0.12217305183410644,frames/2016-08-08 16:36:31.257075.png
2016-08-08 16:36:31.759272,-0.05235987901687622,0.12217305183410644,frames/2016-08-08 16:36:31.759272.png
2016-08-08 16:36:32.260584,-0.05235987901687622,0.12217305183410644,frames/2016-08-08 16:36:32.260584.png
2016-08-08 16:36:32.762954,-0.05235987901687622,0.12217305183410644,frames/2016-08-08 16:36:32.762954.png
2016-08-08 16:36:33.268144,1.3877787807814457e-17,0.12217305183410644,frames/2016-08-08 16:36:33.268144.png
2016-08-08 16:36:33.769456,1.3877787807814457e-17,0.12217305183410644,frames/2016-08-08 16:36:33.769456.png
2016-08-08 16:36:34.272528,1.3877787807814457e-17,0.12217305183410644,frames/2016-08-08 16:36:34.272528.png
2016-08-08 16:36:34.775325,0.05235987901687622,0.12217305183410644,frames/2016-08-08 16:36:34.775325.png
2016-08-08 16:36:35.278065,0.05235987901687622,0.12217305183410644,frames/2016-08-08 16:36:35.278065.png
2016-08-08 16:36:35.781428,0.10471975803375244,0.12217305183410644,frames/2016-08-08 16:36:35.781428.png
2016-08-08 16:36:36.287395,0.10471975803375244,0.12217305183410644,frames/2016-08-08 16:36:36.287395.png
2016-08-08 16:36:36.789424,0.15707963705062866,0.12217305183410644,frames/2016-08-08 16:36:36.789424.png
2016-08-08 16:36:37.293341,0.15707963705062866,0.12217305183410644,frames/2016-08-08 16:36:37.293341.png
2016-08-08 16:36:37.797807,0.10471975803375244,0.12217305183410644,frames/2016-08-08 16:36:37.797807.png
2016-08-08 16:36:38.298916,0.10471975803375244,0.12217305183410644,frames/2016-08-08 16:36:38.298916.png
2016-08-08 16:36:38.799733,0.15707963705062866,0.12217305183410644,frames/2016-08-08 16:36:38.799733.png
2016-08-08 16:36:39.301872,0.15707963705062866,0.12217305183410644,frames/2016-08-08 16:36:39.301872.png
2016-08-08 16:36:39.805910,0.15707963705062866,0.12217305183410644,frames/2016-08-08 16:36:39.805910.png
2016-08-08 16:36:40.308471,0.20943951606750488,0.12217305183410644,frames/2016-08-08 16:36:40.308471.png
2016-08-08 16:36:40.814264,0.20943951606750488,0.12217305183410644,frames/2016-08-08 16:36:40.814264.png
2016-08-08 16:36:41.315049,0.15707963705062866,0.12217305183410644,frames/2016-08-08 16:36:41.315049.png
2016-08-08 16:36:41.816232,0.15707963705062866,0.12217305183410644,frames/2016-08-08 16:36:41.816232.png
2016-08-08 16:36:42.317374,0.10471975803375244,0.12217305183410644,frames/2016-08-08 16:36:42.317374.png
2016-08-08 16:36:42.820199,0.10471975803375244,0.12217305183410644,frames/2016-08-08 16:36:42.820199.png
2016-08-08 16:36:43.321270,0.10471975803375244,0.12217305183410644,frames/2016-08-08 16:36:43.321270.png
2016-08-08 16:36:43.822334,0.05235987901687622,0.12217305183410644,frames/2016-08-08 16:36:43.822334.png
2016-08-08 16:36:44.323436,0.05235987901687622,0.12217305183410644,frames/2016-08-08 16:36:44.323436.png
2016-08-08 16:36:44.824309,0.05235987901687622,0.12217305183410644,frames/2016-08-08 16:36:44.824309.png
2016-08-08 16:36:45.326213,1.3877787807814457e-17,0.12217305183410644,frames/2016-08-08 16:36:45.326213.png
2016-08-08 16:36:45.831970,1.3877787807814457e-17,0.12217305183410644,frames/2016-08-08 16:36:45.831970.png
2016-08-08 16:36:46.336380,1.3877787807814457e-17,0.12217305183410644,frames/2016-08-08 16:36:46.336380.png
2016-08-08 16:36:46.840111,1.3877787807814457e-17,0.12217305183410644,frames/2016-08-08 16:36:46.840111.png
2016-08-08 16:36:47.341831,0.05235987901687622,0.12217305183410644,frames/2016-08-08 16:36:47.341831.png
2016-08-08 16:36:47.847132,0.05235987901687622,0.12217305183410644,frames/2016-08-08 16:36:47.847132.png
2016-08-08 16:36:48.348083,0.05235987901687622,0.12566370964050294,frames/2016-08-08 16:36:48.348083.png
2016-08-08 16:36:48.850605,0.05235987901687622,0.12566370964050294,frames/2016-08-08 16:36:48.850605.png
2016-08-08 16:36:49.354057,0.05235987901687622,0.12566370964050294,frames/2016-08-08 16:36:49.354057.png
2016-08-08 16:36:49.855712,0.10471975803375244,0.12566370964050294,frames/2016-08-08 16:36:49.855712.png
2016-08-08 16:36:50.360608,0.15707963705062866,0.12566370964050294,frames/2016-08-08 16:36:50.360608.png
2016-08-08 16:36:50.863322,0.20943951606750488,0.12566370964050294,frames/2016-08-08 16:36:50.863322.png
2016-08-08 16:36:51.364122,0.20943951606750488,0.12566370964050294,frames/2016-08-08 16:36:51.364122.png
2016-08-08 16:36:51.865061,0.3141592741012573,0.12566370964050294,frames/2016-08-08 16:36:51.865061.png
2016-08-08 16:36:52.370788,0.3141592741012573,0.12566370964050294,frames/2016-08-08 16:36:52.370788.png
2016-08-08 16:36:52.872253,0.2617993950843811,0.12566370964050294,frames/2016-08-08 16:36:52.872253.png
2016-08-08 16:36:53.373732,0.2617993950843811,0.12566370964050294,frames/2016-08-08 16:36:53.373732.png
2016-08-08 16:36:53.874777,0.2617993950843811,0.12566370964050294,frames/2016-08-08 16:36:53.874777.png
2016-08-08 16:36:54.377549,0.2617993950843811,0.12566370964050294,frames/2016-08-08 16:36:54.377549.png
2016-08-08 16:36:54.878771,0.20943951606750488,0.12566370964050294,frames/2016-08-08 16:36:54.878771.png
2016-08-08 16:36:55.384286,0.15707963705062866,0.12566370964050294,frames/2016-08-08 16:36:55.384286.png
2016-08-08 16:36:55.887123,0.15707963705062866,0.12566370964050294,frames/2016-08-08 16:36:55.887123.png
2016-08-08 16:36:56.389550,0.10471975803375244,0.12566370964050294,frames/2016-08-08 16:36:56.389550.png
2016-08-08 16:36:56.894594,0.05235987901687622,0.12566370964050294,frames/2016-08-08 16:36:56.894594.png
2016-08-08 16:36:57.395742,0.05235987901687622,0.12566370964050294,frames/2016-08-08 16:36:57.395742.png
2016-08-08 16:36:57.896491,1.3877787807814457e-17,0.12566370964050294,frames/2016-08-08 16:36:57.896491.png
2016-08-08 16:36:58.398210,1.3877787807814457e-17,0.12566370964050294,frames/2016-08-08 16:36:58.398210.png
2016-08-08 16:36:58.903436,1.3877787807814457e-17,0.12566370964050294,frames/2016-08-08 16:36:58.903436.png
2016-08-08 16:36:59.405469,0.05235987901687622,0.12566370964050294,frames/2016-08-08 16:36:59.405469.png
2016-08-08 16:36:59.908067,0.05235987901687622,0.12566370964050294,frames/2016-08-08 16:36:59.908067.png
2016-08-08 16:37:00.410765,1.3877787807814457e-17,0.12566370964050294,frames/2016-08-08 16:37:00.410765.png
2016-08-08 16:37:00.913835,1.3877787807814457e-17,0.12566370964050294,frames/2016-08-08 16:37:00.913835.png
2016-08-08 16:37:01.417703,1.3877787807814457e-17,0.12566370964050294,frames/2016-08-08 16:37:01.417703.png
2016-08-08 16:37:01.918599,1.3877787807814457e-17,0.12566370964050294,frames/2016-08-08 16:37:01.918599.png
2016-08-08 16:37:02.423447,1.3877787807814457e-17,0.12566370964050294,frames/2016-08-08 16:37:02.423447.png
2016-08-08 16:37:02.926409,1.3877787807814457e-17,0.12566370964050294,frames/2016-08-08 16:37:02.926409.png
2016-08-08 16:37:03.427470,0.05235987901687622,0.12566370964050294,frames/2016-08-08 16:37:03.427470.png
2016-08-08 16:37:03.930804,0.10471975803375244,0.12566370964050294,frames/2016-08-08 16:37:03.930804.png
2016-08-08 16:37:04.431726,0.10471975803375244,0.12566370964050294,frames/2016-08-08 16:37:04.431726.png
2016-08-08 16:37:04.935556,0.15707963705062866,0.12566370964050294,frames/2016-08-08 16:37:04.935556.png
2016-08-08 16:37:05.440089,0.15707963705062866,0.12566370964050294,frames/2016-08-08 16:37:05.440089.png
2016-08-08 16:37:05.945657,0.20943951606750488,0.12566370964050294,frames/2016-08-08 16:37:05.945657.png
2016-08-08 16:37:06.451402,0.2617993950843811,0.12566370964050294,frames/2016-08-08 16:37:06.451402.png
2016-08-08 16:37:06.956731,0.2617993950843811,0.12566370964050294,frames/2016-08-08 16:37:06.956731.png
2016-08-08 16:37:07.461519,0.3141592741012573,0.12566370964050294,frames/2016-08-08 16:37:07.461519.png
2016-08-08 16:37:07.963191,0.2617993950843811,0.12566370964050294,frames/2016-08-08 16:37:07.963191.png
2016-08-08 16:37:08.463976,0.2617993950843811,0.12566370964050294,frames/2016-08-08 16:37:08.463976.png
2016-08-08 16:37:08.965229,0.20943951606750488,0.12566370964050294,frames/2016-08-08 16:37:08.965229.png
2016-08-08 16:37:09.466217,0.15707963705062866,0.12566370964050294,frames/2016-08-08 16:37:09.466217.png
2016-08-08 16:37:09.967475,0.10471975803375244,0.12566370964050294,frames/2016-08-08 16:37:09.967475.png
2016-08-08 16:37:10.468742,0.05235987901687622,0.12566370964050294,frames/2016-08-08 16:37:10.468742.png
2016-08-08 16:37:10.973627,1.3877787807814457e-17,0.12566370964050294,frames/2016-08-08 16:37:10.973627.png
2016-08-08 16:37:11.479360,-0.05235987901687622,0.12566370964050294,frames/2016-08-08 16:37:11.479360.png
2016-08-08 16:37:11.984514,-0.05235987901687622,0.12566370964050294,frames/2016-08-08 16:37:11.984514.png
2016-08-08 16:37:12.485431,-0.05235987901687622,0.12566370964050294,frames/2016-08-08 16:37:12.485431.png
2016-08-08 16:37:12.990775,1.3877787807814457e-17,0.12566370964050294,frames/2016-08-08 16:37:12.990775.png
2016-08-08 16:37:13.494934,1.3877787807814457e-17,0.12566370964050294,frames/2016-08-08 16:37:13.494934.png
2016-08-08 16:37:13.998974,0.05235987901687622,0.12566370964050294,frames/2016-08-08 16:37:13.998974.png
2016-08-08 16:37:14.502021,0.05235987901687622,0.12566370964050294,frames/2016-08-08 16:37:14.502021.png
2016-08-08 16:37:15.004349,0.05235987901687622,0.12566370964050294,frames/2016-08-08 16:37:15.004349.png
2016-08-08 16:37:15.507404,0.05235987901687622,0.12566370964050294,frames/2016-08-08 16:37:15.507404.png
2016-08-08 16:37:16.013040,0.10471975803375244,0.12566370964050294,frames/2016-08-08 16:37:16.013040.png
2016-08-08 16:37:16.518821,0.10471975803375244,0.12566370964050294,frames/2016-08-08 16:37:16.518821.png
2016-08-08 16:37:17.022611,0.10471975803375244,0.12566370964050294,frames/2016-08-08 16:37:17.022611.png
2016-08-08 16:37:17.526694,0.15707963705062866,0.12566370964050294,frames/2016-08-08 16:37:17.526694.png
2016-08-08 16:37:18.030072,0.2617993950843811,0.12566370964050294,frames/2016-08-08 16:37:18.030072.png
2016-08-08 16:37:18.535038,0.36651915311813354,0.12566370964050294,frames/2016-08-08 16:37:18.535038.png
2016-08-08 16:37:19.036656,0.41887903213500977,0.12566370964050294,frames/2016-08-08 16:37:19.036656.png
2016-08-08 16:37:19.537689,0.36651915311813354,0.12566370964050294,frames/2016-08-08 16:37:19.537689.png
2016-08-08 16:37:20.040068,0.3141592741012573,0.12566370964050294,frames/2016-08-08 16:37:20.040068.png
2016-08-08 16:37:20.545272,0.3141592741012573,0.12566370964050294,frames/2016-08-08 16:37:20.545272.png
2016-08-08 16:37:21.046682,0.2617993950843811,0.12566370964050294,frames/2016-08-08 16:37:21.046682.png
2016-08-08 16:37:21.549160,0.15707963705062866,0.12566370964050294,frames/2016-08-08 16:37:21.549160.png
2016-08-08 16:37:22.050044,0.05235987901687622,0.12566370964050294,frames/2016-08-08 16:37:22.050044.png
2016-08-08 16:37:22.551052,1.3877787807814457e-17,0.12566370964050294,frames/2016-08-08 16:37:22.551052.png
2016-08-08 16:37:23.053564,1.3877787807814457e-17,0.12566370964050294,frames/2016-08-08 16:37:23.053564.png
2016-08-08 16:37:23.555710,-0.05235987901687622,0.12566370964050294,frames/2016-08-08 16:37:23.555710.png
2016-08-08 16:37:24.056756,-0.05235987901687622,0.12566370964050294,frames/2016-08-08 16:37:24.056756.png
2016-08-08 16:37:24.557563,1.3877787807814457e-17,0.12566370964050294,frames/2016-08-08 16:37:24.557563.png
2016-08-08 16:37:25.058428,1.3877787807814457e-17,0.12566370964050294,frames/2016-08-08 16:37:25.058428.png
2016-08-08 16:37:25.562914,1.3877787807814457e-17,0.12566370964050294,frames/2016-08-08 16:37:25.562914.png
2016-08-08 16:37:26.068574,1.3877787807814457e-17,0.12566370964050294,frames/2016-08-08 16:37:26.068574.png
2016-08-08 16:37:26.573042,0.05235987901687622,0.12566370964050294,frames/2016-08-08 16:37:26.573042.png
2016-08-08 16:37:27.074870,0.05235987901687622,0.12566370964050294,frames/2016-08-08 16:37:27.074870.png
2016-08-08 16:37:27.579739,0.10471975803375244,0.12566370964050294,frames/2016-08-08 16:37:27.579739.png
2016-08-08 16:37:28.081608,0.10471975803375244,0.12566370964050294,frames/2016-08-08 16:37:28.081608.png
2016-08-08 16:37:28.585093,0.10471975803375244,0.12566370964050294,frames/2016-08-08 16:37:28.585093.png
2016-08-08 16:37:29.088970,0.15707963705062866,0.12566370964050294,frames/2016-08-08 16:37:29.088970.png
2016-08-08 16:37:29.593212,0.15707963705062866,0.12566370964050294,frames/2016-08-08 16:37:29.593212.png
2016-08-08 16:37:30.094226,0.15707963705062866,0.12566370964050294,frames/2016-08-08 16:37:30.094226.png
2016-08-08 16:37:30.595743,0.15707963705062866,0.12566370964050294,frames/2016-08-08 16:37:30.595743.png
2016-08-08 16:37:31.097179,0.15707963705062866,0.12566370964050294,frames/2016-08-08 16:37:31.097179.png
2016-08-08 16:37:31.598155,0.15707963705062866,0.12566370964050294,frames/2016-08-08 16:37:31.598155.png
2016-08-08 16:37:32.099520,0.20943951606750488,0.12566370964050294,frames/2016-08-08 16:37:32.099520.png
2016-08-08 16:37:32.600350,0.15707963705062866,0.12566370964050294,frames/2016-08-08 16:37:32.600350.png
2016-08-08 16:37:33.101494,0.15707963705062866,0.12566370964050294,frames/2016-08-08 16:37:33.101494.png
2016-08-08 16:37:33.602463,0.15707963705062866,0.12566370964050294,frames/2016-08-08 16:37:33.602463.png
2016-08-08 16:37:34.107244,0.10471975803375244,0.12566370964050294,frames/2016-08-08 16:37:34.107244.png
2016-08-08 16:37:34.610021,0.10471975803375244,0.12566370964050294,frames/2016-08-08 16:37:34.610021.png
2016-08-08 16:37:35.115536,0.10471975803375244,0.12566370964050294,frames/2016-08-08 16:37:35.115536.png
2016-08-08 16:37:35.619937,0.05235987901687622,0.12566370964050294,frames/2016-08-08 16:37:35.619937.png
2016-08-08 16:37:36.122071,0.05235987901687622,0.12566370964050294,frames/2016-08-08 16:37:36.122071.png
2016-08-08 16:37:36.626800,1.3877787807814457e-17,0.12566370964050294,frames/2016-08-08 16:37:36.626800.png
2016-08-08 16:37:37.128963,1.3877787807814457e-17,0.12566370964050294,frames/2016-08-08 16:37:37.128963.png
2016-08-08 16:37:37.634786,1.3877787807814457e-17,0.12566370964050294,frames/2016-08-08 16:37:37.634786.png
2016-08-08 16:37:38.135470,1.3877787807814457e-17,0.12566370964050294,frames/2016-08-08 16:37:38.135470.png
2016-08-08 16:37:38.639379,1.3877787807814457e-17,0.12566370964050294,frames/2016-08-08 16:37:38.639379.png
2016-08-08 16:37:39.143178,0.05235987901687622,0.12566370964050294,frames/2016-08-08 16:37:39.143178.png
2016-08-08 16:37:39.645319,0.05235987901687622,0.12566370964050294,frames/2016-08-08 16:37:39.645319.png
2016-08-08 16:37:40.146941,0.05235987901687622,0.12566370964050294,frames/2016-08-08 16:37:40.146941.png
2016-08-08 16:37:40.648543,0.05235987901687622,0.12566370964050294,frames/2016-08-08 16:37:40.648543.png
2016-08-08 16:37:41.149527,0.10471975803375244,0.12566370964050294,frames/2016-08-08 16:37:41.149527.png
2016-08-08 16:37:41.651341,0.15707963705062866,0.12566370964050294,frames/2016-08-08 16:37:41.651341.png
2016-08-08 16:37:42.156460,0.15707963705062866,0.12566370964050294,frames/2016-08-08 16:37:42.156460.png
2016-08-08 16:37:42.658521,0.20943951606750488,0.12566370964050294,frames/2016-08-08 16:37:42.658521.png
2016-08-08 16:37:43.161471,0.20943951606750488,0.12566370964050294,frames/2016-08-08 16:37:43.161471.png
2016-08-08 16:37:43.662920,0.2617993950843811,0.12566370964050294,frames/2016-08-08 16:37:43.662920.png
2016-08-08 16:37:44.164109,0.2617993950843811,0.12566370964050294,frames/2016-08-08 16:37:44.164109.png
2016-08-08 16:37:44.667104,0.3141592741012573,0.12566370964050294,frames/2016-08-08 16:37:44.667104.png
2016-08-08 16:37:45.172677,0.3141592741012573,0.12566370964050294,frames/2016-08-08 16:37:45.172677.png
2016-08-08 16:37:45.675215,0.2617993950843811,0.12566370964050294,frames/2016-08-08 16:37:45.675215.png
2016-08-08 16:37:46.180111,0.2617993950843811,0.12566370964050294,frames/2016-08-08 16:37:46.180111.png
2016-08-08 16:37:46.684340,0.20943951606750488,0.12566370964050294,frames/2016-08-08 16:37:46.684340.png
2016-08-08 16:37:47.189672,0.15707963705062866,0.12566370964050294,frames/2016-08-08 16:37:47.189672.png
2016-08-08 16:37:47.692879,0.15707963705062866,0.12566370964050294,frames/2016-08-08 16:37:47.692879.png
2016-08-08 16:37:48.194947,0.05235987901687622,0.12566370964050294,frames/2016-08-08 16:37:48.194947.png
2016-08-08 16:37:48.696266,0.05235987901687622,0.12566370964050294,frames/2016-08-08 16:37:48.696266.png
2016-08-08 16:37:49.201632,1.3877787807814457e-17,0.12566370964050294,frames/2016-08-08 16:37:49.201632.png
2016-08-08 16:37:49.706916,1.3877787807814457e-17,0.12566370964050294,frames/2016-08-08 16:37:49.706916.png
2016-08-08 16:37:50.210249,0.05235987901687622,0.12566370964050294,frames/2016-08-08 16:37:50.210249.png
2016-08-08 16:37:50.712500,0.05235987901687622,0.12566370964050294,frames/2016-08-08 16:37:50.712500.png
2016-08-08 16:37:51.215365,0.05235987901687622,0.12566370964050294,frames/2016-08-08 16:37:51.215365.png
2016-08-08 16:37:51.716289,0.05235987901687622,0.12566370964050294,frames/2016-08-08 16:37:51.716289.png
2016-08-08 16:37:52.219901,0.05235987901687622,0.12566370964050294,frames/2016-08-08 16:37:52.219901.png
2016-08-08 16:37:52.721281,1.3877787807814457e-17,0.12566370964050294,frames/2016-08-08 16:37:52.721281.png
2016-08-08 16:37:53.223491,1.3877787807814457e-17,0.12566370964050294,frames/2016-08-08 16:37:53.223491.png
2016-08-08 16:37:53.725293,1.3877787807814457e-17,0.12566370964050294,frames/2016-08-08 16:37:53.725293.png
2016-08-08 16:37:54.226264,1.3877787807814457e-17,0.12566370964050294,frames/2016-08-08 16:37:54.226264.png
2016-08-08 16:37:54.728595,1.3877787807814457e-17,0.12566370964050294,frames/2016-08-08 16:37:54.728595.png
2016-08-08 16:37:55.233767,0.05235987901687622,0.12566370964050294,frames/2016-08-08 16:37:55.233767.png
2016-08-08 16:37:55.737336,0.10471975803375244,0.12566370964050294,frames/2016-08-08 16:37:55.737336.png
2016-08-08 16:37:56.240654,0.15707963705062866,0.12566370964050294,frames/2016-08-08 16:37:56.240654.png
2016-08-08 16:37:56.743376,0.15707963705062866,0.12566370964050294,frames/2016-08-08 16:37:56.743376.png
2016-08-08 16:37:57.248544,0.15707963705062866,0.12566370964050294,frames/2016-08-08 16:37:57.248544.png
2016-08-08 16:37:57.750269,0.2617993950843811,0.12566370964050294,frames/2016-08-08 16:37:57.750269.png
2016-08-08 16:37:58.251115,0.2617993950843811,0.12566370964050294,frames/2016-08-08 16:37:58.251115.png
2016-08-08 16:37:58.754102,0.20943951606750488,0.12566370964050294,frames/2016-08-08 16:37:58.754102.png
2016-08-08 16:37:59.255168,0.2617993950843811,0.12566370964050294,frames/2016-08-08 16:37:59.255168.png
2016-08-08 16:37:59.759962,0.20943951606750488,0.12566370964050294,frames/2016-08-08 16:37:59.759962.png
2016-08-08 16:38:00.261685,0.15707963705062866,0.12566370964050294,frames/2016-08-08 16:38:00.261685.png
2016-08-08 16:38:00.764075,0.10471975803375244,0.12566370964050294,frames/2016-08-08 16:38:00.764075.png
2016-08-08 16:38:01.269484,0.10471975803375244,0.12566370964050294,frames/2016-08-08 16:38:01.269484.png
2016-08-08 16:38:01.775230,0.05235987901687622,0.12566370964050294,frames/2016-08-08 16:38:01.775230.png
2016-08-08 16:38:02.276253,0.05235987901687622,0.12566370964050294,frames/2016-08-08 16:38:02.276253.png
2016-08-08 16:38:02.778097,1.3877787807814457e-17,0.12566370964050294,frames/2016-08-08 16:38:02.778097.png
2016-08-08 16:38:03.283468,1.3877787807814457e-17,0.12566370964050294,frames/2016-08-08 16:38:03.283468.png
2016-08-08 16:38:03.784631,0.05235987901687622,0.12566370964050294,frames/2016-08-08 16:38:03.784631.png
2016-08-08 16:38:04.286409,0.05235987901687622,0.12566370964050294,frames/2016-08-08 16:38:04.286409.png
2016-08-08 16:38:04.793536,1.3877787807814457e-17,0.12566370964050294,frames/2016-08-08 16:38:04.793536.png
2016-08-08 16:38:05.298527,1.3877787807814457e-17,0.12566370964050294,frames/2016-08-08 16:38:05.298527.png
2016-08-08 16:38:05.802808,1.3877787807814457e-17,0.12915436744689943,frames/2016-08-08 16:38:05.802808.png
2016-08-08 16:38:06.306725,0.05235987901687622,0.12915436744689943,frames/2016-08-08 16:38:06.306725.png
2016-08-08 16:38:06.810450,0.05235987901687622,0.12915436744689943,frames/2016-08-08 16:38:06.810450.png
2016-08-08 16:38:07.313209,0.05235987901687622,0.12915436744689943,frames/2016-08-08 16:38:07.313209.png
2016-08-08 16:38:07.817560,0.05235987901687622,0.12915436744689943,frames/2016-08-08 16:38:07.817560.png
2016-08-08 16:38:08.319693,0.10471975803375244,0.12915436744689943,frames/2016-08-08 16:38:08.319693.png
2016-08-08 16:38:08.822836,0.15707963705062866,0.12915436744689943,frames/2016-08-08 16:38:08.822836.png
2016-08-08 16:38:09.328283,0.20943951606750488,0.12915436744689943,frames/2016-08-08 16:38:09.328283.png
2016-08-08 16:38:09.834275,0.2617993950843811,0.12915436744689943,frames/2016-08-08 16:38:09.834275.png
2016-08-08 16:38:10.335647,0.2617993950843811,0.12915436744689943,frames/2016-08-08 16:38:10.335647.png
2016-08-08 16:38:10.840113,0.36651915311813354,0.12915436744689943,frames/2016-08-08 16:38:10.840113.png
2016-08-08 16:38:11.345128,0.3141592741012573,0.12915436744689943,frames/2016-08-08 16:38:11.345128.png
2016-08-08 16:38:11.850530,0.3141592741012573,0.12915436744689943,frames/2016-08-08 16:38:11.850530.png
2016-08-08 16:38:12.356078,0.2617993950843811,0.12915436744689943,frames/2016-08-08 16:38:12.356078.png
2016-08-08 16:38:12.862041,0.2617993950843811,0.12915436744689943,frames/2016-08-08 16:38:12.862041.png
2016-08-08 16:38:13.364973,0.15707963705062866,0.12915436744689943,frames/2016-08-08 16:38:13.364973.png
2016-08-08 16:38:13.866410,0.10471975803375244,0.12915436744689943,frames/2016-08-08 16:38:13.866410.png
2016-08-08 16:38:14.367900,0.05235987901687622,0.12915436744689943,frames/2016-08-08 16:38:14.367900.png
2016-08-08 16:38:14.870410,1.3877787807814457e-17,0.12915436744689943,frames/2016-08-08 16:38:14.870410.png
2016-08-08 16:38:15.372126,-0.05235987901687622,0.12915436744689943,frames/2016-08-08 16:38:15.372126.png
2016-08-08 16:38:15.877817,-0.05235987901687622,0.12915436744689943,frames/2016-08-08 16:38:15.877817.png
2016-08-08 16:38:16.379260,1.3877787807814457e-17,0.12915436744689943,frames/2016-08-08 16:38:16.379260.png
2016-08-08 16:38:16.884548,1.3877787807814457e-17,0.12915436744689943,frames/2016-08-08 16:38:16.884548.png
2016-08-08 16:38:17.388960,0.05235987901687622,0.12915436744689943,frames/2016-08-08 16:38:17.388960.png
2016-08-08 16:38:17.897192,0.05235987901687622,0.12915436744689943,frames/2016-08-08 16:38:17.897192.png
2016-08-08 16:38:18.400136,0.05235987901687622,0.12915436744689943,frames/2016-08-08 16:38:18.400136.png
2016-08-08 16:38:18.901153,0.05235987901687622,0.12915436744689943,frames/2016-08-08 16:38:18.901153.png
2016-08-08 16:38:19.403236,0.10471975803375244,0.12915436744689943,frames/2016-08-08 16:38:19.403236.png
2016-08-08 16:38:19.904127,0.10471975803375244,0.12915436744689943,frames/2016-08-08 16:38:19.904127.png
2016-08-08 16:38:20.405813,0.15707963705062866,0.12915436744689943,frames/2016-08-08 16:38:20.405813.png
2016-08-08 16:38:20.906549,0.15707963705062866,0.12915436744689943,frames/2016-08-08 16:38:20.906549.png
2016-08-08 16:38:21.407744,0.10471975803375244,0.12915436744689943,frames/2016-08-08 16:38:21.407744.png
2016-08-08 16:38:21.908667,0.15707963705062866,0.12915436744689943,frames/2016-08-08 16:38:21.908667.png
2016-08-08 16:38:22.413644,0.15707963705062866,0.12915436744689943,frames/2016-08-08 16:38:22.413644.png
2016-08-08 16:38:22.918089,0.15707963705062866,0.12915436744689943,frames/2016-08-08 16:38:22.918089.png
2016-08-08 16:38:23.423664,0.15707963705062866,0.12915436744689943,frames/2016-08-08 16:38:23.423664.png
2016-08-08 16:38:23.929040,0.20943951606750488,0.12915436744689943,frames/2016-08-08 16:38:23.929040.png
2016-08-08 16:38:24.433225,0.20943951606750488,0.12915436744689943,frames/2016-08-08 16:38:24.433225.png
2016-08-08 16:38:24.937791,0.15707963705062866,0.12915436744689943,frames/2016-08-08 16:38:24.937791.png
2016-08-08 16:38:25.439144,0.10471975803375244,0.12915436744689943,frames/2016-08-08 16:38:25.439144.png
2016-08-08 16:38:25.941703,0.10471975803375244,0.12915436744689943,frames/2016-08-08 16:38:25.941703.png
2016-08-08 16:38:26.442862,0.05235987901687622,0.12915436744689943,frames/2016-08-08 16:38:26.442862.png
2016-08-08 16:38:26.944344,0.05235987901687622,0.12915436744689943,frames/2016-08-08 16:38:26.944344.png
2016-08-08 16:38:27.445497,1.3877787807814457e-17,0.12915436744689943,frames/2016-08-08 16:38:27.445497.png
2016-08-08 16:38:27.946946,1.3877787807814457e-17,0.12915436744689943,frames/2016-08-08 16:38:27.946946.png
2016-08-08 16:38:28.449057,0.05235987901687622,0.12915436744689943,frames/2016-08-08 16:38:28.449057.png
2016-08-08 16:38:28.951849,0.05235987901687622,0.12915436744689943,frames/2016-08-08 16:38:28.951849.png
2016-08-08 16:38:29.457589,0.05235987901687622,0.12915436744689943,frames/2016-08-08 16:38:29.457589.png
2016-08-08 16:38:29.962082,1.3877787807814457e-17,0.12915436744689943,frames/2016-08-08 16:38:29.962082.png
2016-08-08 16:38:30.466294,1.3877787807814457e-17,0.12915436744689943,frames/2016-08-08 16:38:30.466294.png
2016-08-08 16:38:30.968588,1.3877787807814457e-17,0.12915436744689943,frames/2016-08-08 16:38:30.968588.png
2016-08-08 16:38:31.472808,1.3877787807814457e-17,0.12915436744689943,frames/2016-08-08 16:38:31.472808.png
2016-08-08 16:38:31.974728,0.05235987901687622,0.12915436744689943,frames/2016-08-08 16:38:31.974728.png
2016-08-08 16:38:32.476957,0.10471975803375244,0.12915436744689943,frames/2016-08-08 16:38:32.476957.png
2016-08-08 16:38:32.982693,0.15707963705062866,0.12915436744689943,frames/2016-08-08 16:38:32.982693.png
2016-08-08 16:38:33.483665,0.15707963705062866,0.12915436744689943,frames/2016-08-08 16:38:33.483665.png
2016-08-08 16:38:33.984910,0.20943951606750488,0.12915436744689943,frames/2016-08-08 16:38:33.984910.png
2016-08-08 16:38:34.488670,0.20943951606750488,0.12915436744689943,frames/2016-08-08 16:38:34.488670.png
2016-08-08 16:38:34.990915,0.2617993950843811,0.12915436744689943,frames/2016-08-08 16:38:34.990915.png
2016-08-08 16:38:35.496026,0.2617993950843811,0.12915436744689943,frames/2016-08-08 16:38:35.496026.png
2016-08-08 16:38:35.997548,0.3141592741012573,0.12915436744689943,frames/2016-08-08 16:38:35.997548.png
2016-08-08 16:38:36.502926,0.3141592741012573,0.12915436744689943,frames/2016-08-08 16:38:36.502926.png
2016-08-08 16:38:37.007692,0.2617993950843811,0.12915436744689943,frames/2016-08-08 16:38:37.007692.png
2016-08-08 16:38:37.513279,0.3141592741012573,0.12915436744689943,frames/2016-08-08 16:38:37.513279.png
2016-08-08 16:38:38.014763,0.2617993950843811,0.12915436744689943,frames/2016-08-08 16:38:38.014763.png
2016-08-08 16:38:38.517021,0.15707963705062866,0.12915436744689943,frames/2016-08-08 16:38:38.517021.png
2016-08-08 16:38:39.017996,0.10471975803375244,0.12915436744689943,frames/2016-08-08 16:38:39.017996.png
2016-08-08 16:38:39.519006,1.3877787807814457e-17,0.12915436744689943,frames/2016-08-08 16:38:39.519006.png
2016-08-08 16:38:40.020647,-0.05235987901687622,0.12915436744689943,frames/2016-08-08 16:38:40.020647.png
2016-08-08 16:38:40.525799,-0.05235987901687622,0.12915436744689943,frames/2016-08-08 16:38:40.525799.png
2016-08-08 16:38:41.027080,1.3877787807814457e-17,0.12915436744689943,frames/2016-08-08 16:38:41.027080.png
2016-08-08 16:38:41.528084,1.3877787807814457e-17,0.12915436744689943,frames/2016-08-08 16:38:41.528084.png
2016-08-08 16:38:42.036659,0.05235987901687622,0.12915436744689943,frames/2016-08-08 16:38:42.036659.png
2016-08-08 16:38:42.541858,1.3877787807814457e-17,0.12915436744689943,frames/2016-08-08 16:38:42.541858.png
2016-08-08 16:38:43.047031,1.3877787807814457e-17,0.12915436744689943,frames/2016-08-08 16:38:43.047031.png
2016-08-08 16:38:43.550347,1.3877787807814457e-17,0.12915436744689943,frames/2016-08-08 16:38:43.550347.png
2016-08-08 16:38:44.051943,0.05235987901687622,0.12915436744689943,frames/2016-08-08 16:38:44.051943.png
2016-08-08 16:38:44.563450,0.05235987901687622,0.12915436744689943,frames/2016-08-08 16:38:44.563450.png
2016-08-08 16:38:45.067042,0.05235987901687622,0.12915436744689943,frames/2016-08-08 16:38:45.067042.png
2016-08-08 16:38:45.568678,0.05235987901687622,0.12915436744689943,frames/2016-08-08 16:38:45.568678.png
2016-08-08 16:38:46.071964,0.05235987901687622,0.12915436744689943,frames/2016-08-08 16:38:46.071964.png
2016-08-08 16:38:46.573468,0.10471975803375244,0.12915436744689943,frames/2016-08-08 16:38:46.573468.png
2016-08-08 16:38:47.079221,0.15707963705062866,0.12915436744689943,frames/2016-08-08 16:38:47.079221.png
2016-08-08 16:38:47.583071,0.20943951606750488,0.12915436744689943,frames/2016-08-08 16:38:47.583071.png
2016-08-08 16:38:48.084678,0.2617993950843811,0.12915436744689943,frames/2016-08-08 16:38:48.084678.png
2016-08-08 16:38:48.590250,0.2617993950843811,0.12915436744689943,frames/2016-08-08 16:38:48.590250.png
2016-08-08 16:38:49.095668,0.2617993950843811,0.12915436744689943,frames/2016-08-08 16:38:49.095668.png
2016-08-08 16:38:49.598300,0.2617993950843811,0.12915436744689943,frames/2016-08-08 16:38:49.598300.png
2016-08-08 16:38:50.099167,0.2617993950843811,0.12915436744689943,frames/2016-08-08 16:38:50.099167.png
2016-08-08 16:38:50.600867,0.15707963705062866,0.12915436744689943,frames/2016-08-08 16:38:50.600867.png
2016-08-08 16:38:51.103546,0.10471975803375244,0.12915436744689943,frames/2016-08-08 16:38:51.103546.png
2016-08-08 16:38:51.605556,0.05235987901687622,0.12915436744689943,frames/2016-08-08 16:38:51.605556.png
2016-08-08 16:38:52.106658,0.05235987901687622,0.12915436744689943,frames/2016-08-08 16:38:52.106658.png
2016-08-08 16:38:52.607753,0.05235987901687622,0.12915436744689943,frames/2016-08-08 16:38:52.607753.png
2016-08-08 16:38:53.109755,1.3877787807814457e-17,0.12915436744689943,frames/2016-08-08 16:38:53.109755.png
2016-08-08 16:38:53.615588,0.05235987901687622,0.12915436744689943,frames/2016-08-08 16:38:53.615588.png
2016-08-08 16:38:54.118178,0.05235987901687622,0.12915436744689943,frames/2016-08-08 16:38:54.118178.png
2016-08-08 16:38:54.620418,0.05235987901687622,0.12915436744689943,frames/2016-08-08 16:38:54.620418.png
2016-08-08 16:38:55.122798,1.3877787807814457e-17,0.12915436744689943,frames/2016-08-08 16:38:55.122798.png
2016-08-08 16:38:55.626767,1.3877787807814457e-17,0.12915436744689943,frames/2016-08-08 16:38:55.626767.png
2016-08-08 16:38:56.127624,0.05235987901687622,0.12915436744689943,frames/2016-08-08 16:38:56.127624.png
2016-08-08 16:38:56.633047,0.05235987901687622,0.12915436744689943,frames/2016-08-08 16:38:56.633047.png
2016-08-08 16:38:57.139242,0.05235987901687622,0.12915436744689943,frames/2016-08-08 16:38:57.139242.png
2016-08-08 16:38:57.641648,0.05235987901687622,0.12915436744689943,frames/2016-08-08 16:38:57.641648.png
2016-08-08 16:38:58.143133,0.05235987901687622,0.12915436744689943,frames/2016-08-08 16:38:58.143133.png
2016-08-08 16:38:58.645183,0.10471975803375244,0.12915436744689943,frames/2016-08-08 16:38:58.645183.png
2016-08-08 16:38:59.146003,0.10471975803375244,0.12915436744689943,frames/2016-08-08 16:38:59.146003.png
2016-08-08 16:38:59.648600,0.15707963705062866,0.12915436744689943,frames/2016-08-08 16:38:59.648600.png
2016-08-08 16:39:00.149290,0.20943951606750488,0.12915436744689943,frames/2016-08-08 16:39:00.149290.png
2016-08-08 16:39:00.655035,0.36651915311813354,0.12915436744689943,frames/2016-08-08 16:39:00.655035.png
2016-08-08 16:39:01.156613,0.36651915311813354,0.12915436744689943,frames/2016-08-08 16:39:01.156613.png
2016-08-08 16:39:01.661835,0.36651915311813354,0.12915436744689943,frames/2016-08-08 16:39:01.661835.png
2016-08-08 16:39:02.162922,0.3141592741012573,0.12915436744689943,frames/2016-08-08 16:39:02.162922.png
2016-08-08 16:39:02.664702,0.2617993950843811,0.12915436744689943,frames/2016-08-08 16:39:02.664702.png
2016-08-08 16:39:03.167735,0.20943951606750488,0.12915436744689943,frames/2016-08-08 16:39:03.167735.png
2016-08-08 16:39:03.668849,0.10471975803375244,0.12915436744689943,frames/2016-08-08 16:39:03.668849.png
2016-08-08 16:39:04.171128,0.05235987901687622,0.12915436744689943,frames/2016-08-08 16:39:04.171128.png
2016-08-08 16:39:04.672299,1.3877787807814457e-17,0.12915436744689943,frames/2016-08-08 16:39:04.672299.png
2016-08-08 16:39:05.173425,0.05235987901687622,0.12915436744689943,frames/2016-08-08 16:39:05.173425.png
2016-08-08 16:39:05.676377,0.05235987901687622,0.12915436744689943,frames/2016-08-08 16:39:05.676377.png
2016-08-08 16:39:06.181963,1.3877787807814457e-17,0.12915436744689943,frames/2016-08-08 16:39:06.181963.png
2016-08-08 16:39:06.684065,1.3877787807814457e-17,0.12915436744689943,frames/2016-08-08 16:39:06.684065.png
2016-08-08 16:39:07.189583,0.05235987901687622,0.12915436744689943,frames/2016-08-08 16:39:07.189583.png
2016-08-08 16:39:07.690994,0.05235987901687622,0.12915436744689943,frames/2016-08-08 16:39:07.690994.png
2016-08-08 16:39:08.192301,1.3877787807814457e-17,0.12915436744689943,frames/2016-08-08 16:39:08.192301.png
2016-08-08 16:39:08.693196,0.05235987901687622,0.12915436744689943,frames/2016-08-08 16:39:08.693196.png
2016-08-08 16:39:09.194161,0.05235987901687622,0.1326450252532959,frames/2016-08-08 16:39:09.194161.png
2016-08-08 16:39:09.695129,0.05235987901687622,0.1326450252532959,frames/2016-08-08 16:39:09.695129.png
2016-08-08 16:39:10.196457,0.10471975803375244,0.1326450252532959,frames/2016-08-08 16:39:10.196457.png
2016-08-08 16:39:10.701406,0.10471975803375244,0.1326450252532959,frames/2016-08-08 16:39:10.701406.png
2016-08-08 16:39:11.203535,0.15707963705062866,0.1326450252532959,frames/2016-08-08 16:39:11.203535.png
2016-08-08 16:39:11.709333,0.15707963705062866,0.1326450252532959,frames/2016-08-08 16:39:11.709333.png
2016-08-08 16:39:12.214968,0.15707963705062866,0.1326450252532959,frames/2016-08-08 16:39:12.214968.png
2016-08-08 16:39:12.718837,0.10471975803375244,0.1326450252532959,frames/2016-08-08 16:39:12.718837.png
2016-08-08 16:39:13.224204,0.15707963705062866,0.1326450252532959,frames/2016-08-08 16:39:13.224204.png
2016-08-08 16:39:13.729126,0.15707963705062866,0.1326450252532959,frames/2016-08-08 16:39:13.729126.png
2016-08-08 16:39:14.234369,0.15707963705062866,0.1326450252532959,frames/2016-08-08 16:39:14.234369.png
2016-08-08 16:39:14.735615,0.15707963705062866,0.1326450252532959,frames/2016-08-08 16:39:14.735615.png
2016-08-08 16:39:15.240594,0.15707963705062866,0.1326450252532959,frames/2016-08-08 16:39:15.240594.png
2016-08-08 16:39:15.741606,0.15707963705062866,0.1326450252532959,frames/2016-08-08 16:39:15.741606.png
2016-08-08 16:39:16.246469,0.10471975803375244,0.1326450252532959,frames/2016-08-08 16:39:16.246469.png
2016-08-08 16:39:16.747511,0.05235987901687622,0.1326450252532959,frames/2016-08-08 16:39:16.747511.png
2016-08-08 16:39:17.249127,0.05235987901687622,0.1326450252532959,frames/2016-08-08 16:39:17.249127.png
2016-08-08 16:39:17.750672,0.05235987901687622,0.1326450252532959,frames/2016-08-08 16:39:17.750672.png
2016-08-08 16:39:18.251590,0.05235987901687622,0.1326450252532959,frames/2016-08-08 16:39:18.251590.png
2016-08-08 16:39:18.755730,1.3877787807814457e-17,0.1326450252532959,frames/2016-08-08 16:39:18.755730.png
2016-08-08 16:39:19.257234,1.3877787807814457e-17,0.1326450252532959,frames/2016-08-08 16:39:19.257234.png
2016-08-08 16:39:19.758509,1.3877787807814457e-17,0.1326450252532959,frames/2016-08-08 16:39:19.758509.png
2016-08-08 16:39:20.260803,1.3877787807814457e-17,0.1326450252532959,frames/2016-08-08 16:39:20.260803.png
2016-08-08 16:39:20.764926,1.3877787807814457e-17,0.1326450252532959,frames/2016-08-08 16:39:20.764926.png
2016-08-08 16:39:21.268050,0.05235987901687622,0.1326450252532959,frames/2016-08-08 16:39:21.268050.png
2016-08-08 16:39:21.772103,0.05235987901687622,0.1326450252532959,frames/2016-08-08 16:39:21.772103.png
2016-08-08 16:39:22.273301,0.10471975803375244,0.1326450252532959,frames/2016-08-08 16:39:22.273301.png
2016-08-08 16:39:22.774238,0.15707963705062866,0.1326450252532959,frames/2016-08-08 16:39:22.774238.png
2016-08-08 16:39:23.275709,0.20943951606750488,0.1326450252532959,frames/2016-08-08 16:39:23.275709.png
2016-08-08 16:39:23.777834,0.20943951606750488,0.1326450252532959,frames/2016-08-08 16:39:23.777834.png
2016-08-08 16:39:24.281518,0.15707963705062866,0.1326450252532959,frames/2016-08-08 16:39:24.281518.png
2016-08-08 16:39:24.785170,0.15707963705062866,0.1326450252532959,frames/2016-08-08 16:39:24.785170.png
2016-08-08 16:39:25.287448,0.20943951606750488,0.1326450252532959,frames/2016-08-08 16:39:25.287448.png
2016-08-08 16:39:25.788759,0.20943951606750488,0.1326450252532959,frames/2016-08-08 16:39:25.788759.png
2016-08-08 16:39:26.290128,0.20943951606750488,0.1326450252532959,frames/2016-08-08 16:39:26.290128.png
2016-08-08 16:39:26.791856,0.2617993950843811,0.1326450252532959,frames/2016-08-08 16:39:26.791856.png
2016-08-08 16:39:27.293107,0.20943951606750488,0.1326450252532959,frames/2016-08-08 16:39:27.293107.png
2016-08-08 16:39:27.796216,0.20943951606750488,0.1326450252532959,frames/2016-08-08 16:39:27.796216.png
2016-08-08 16:39:28.297596,0.20943951606750488,0.1326450252532959,frames/2016-08-08 16:39:28.297596.png
2016-08-08 16:39:28.799271,0.20943951606750488,0.1326450252532959,frames/2016-08-08 16:39:28.799271.png
2016-08-08 16:39:29.303245,0.10471975803375244,0.1326450252532959,frames/2016-08-08 16:39:29.303245.png
2016-08-08 16:39:29.803943,0.05235987901687622,0.1326450252532959,frames/2016-08-08 16:39:29.803943.png
2016-08-08 16:39:30.305651,1.3877787807814457e-17,0.1326450252532959,frames/2016-08-08 16:39:30.305651.png
2016-08-08 16:39:30.808068,0.05235987901687622,0.1326450252532959,frames/2016-08-08 16:39:30.808068.png
2016-08-08 16:39:31.313749,0.10471975803375244,0.1326450252532959,frames/2016-08-08 16:39:31.313749.png
2016-08-08 16:39:31.816142,0.05235987901687622,0.1326450252532959,frames/2016-08-08 16:39:31.816142.png
2016-08-08 16:39:32.317125,0.05235987901687622,0.1326450252532959,frames/2016-08-08 16:39:32.317125.png
2016-08-08 16:39:32.817921,0.05235987901687622,0.1326450252532959,frames/2016-08-08 16:39:32.817921.png
2016-08-08 16:39:33.322615,1.3877787807814457e-17,0.1326450252532959,frames/2016-08-08 16:39:33.322615.png
2016-08-08 16:39:33.824178,1.3877787807814457e-17,0.1326450252532959,frames/2016-08-08 16:39:33.824178.png
2016-08-08 16:39:34.325147,1.3877787807814457e-17,0.13613568305969237,frames/2016-08-08 16:39:34.325147.png
2016-08-08 16:39:34.830219,1.3877787807814457e-17,0.13613568305969237,frames/2016-08-08 16:39:34.830219.png
2016-08-08 16:39:35.335585,1.3877787807814457e-17,0.13613568305969237,frames/2016-08-08 16:39:35.335585.png
2016-08-08 16:39:35.839802,1.3877787807814457e-17,0.13613568305969237,frames/2016-08-08 16:39:35.839802.png
2016-08-08 16:39:36.341141,0.10471975803375244,0.13613568305969237,frames/2016-08-08 16:39:36.341141.png
2016-08-08 16:39:36.846274,0.10471975803375244,0.13613568305969237,frames/2016-08-08 16:39:36.846274.png
2016-08-08 16:39:37.347717,0.15707963705062866,0.13613568305969237,frames/2016-08-08 16:39:37.347717.png
2016-08-08 16:39:37.852225,0.15707963705062866,0.13613568305969237,frames/2016-08-08 16:39:37.852225.png
2016-08-08 16:39:38.354103,0.15707963705062866,0.13613568305969237,frames/2016-08-08 16:39:38.354103.png
2016-08-08 16:39:38.857773,0.2617993950843811,0.13613568305969237,frames/2016-08-08 16:39:38.857773.png
2016-08-08 16:39:39.358484,0.3141592741012573,0.13613568305969237,frames/2016-08-08 16:39:39.358484.png
2016-08-08 16:39:39.861857,0.3141592741012573,0.13613568305969237,frames/2016-08-08 16:39:39.861857.png
2016-08-08 16:39:40.362693,0.20943951606750488,0.13613568305969237,frames/2016-08-08 16:39:40.362693.png
2016-08-08 16:39:40.863967,0.15707963705062866,0.13613568305969237,frames/2016-08-08 16:39:40.863967.png
2016-08-08 16:39:41.364846,0.10471975803375244,0.13613568305969237,frames/2016-08-08 16:39:41.364846.png
2016-08-08 16:39:41.865666,0.10471975803375244,0.13613568305969237,frames/2016-08-08 16:39:41.865666.png
2016-08-08 16:39:42.370410,0.05235987901687622,0.13613568305969237,frames/2016-08-08 16:39:42.370410.png
2016-08-08 16:39:42.872334,1.3877787807814457e-17,0.13613568305969237,frames/2016-08-08 16:39:42.872334.png
2016-08-08 16:39:43.377817,1.3877787807814457e-17,0.1326450252532959,frames/2016-08-08 16:39:43.377817.png
2016-08-08 16:39:43.879249,1.3877787807814457e-17,0.12915436744689943,frames/2016-08-08 16:39:43.879249.png
2016-08-08 16:39:44.381064,1.3877787807814457e-17,0.12915436744689943,frames/2016-08-08 16:39:44.381064.png
2016-08-08 16:39:44.884592,1.3877787807814457e-17,0.12566370964050294,frames/2016-08-08 16:39:44.884592.png
2016-08-08 16:39:45.389110,1.3877787807814457e-17,0.12566370964050294,frames/2016-08-08 16:39:45.389110.png
2016-08-08 16:39:45.894636,1.3877787807814457e-17,0.12566370964050294,frames/2016-08-08 16:39:45.894636.png
2016-08-08 16:39:46.396131,0.05235987901687622,0.12566370964050294,frames/2016-08-08 16:39:46.396131.png
2016-08-08 16:39:46.898332,0.05235987901687622,0.12217305183410644,frames/2016-08-08 16:39:46.898332.png
2016-08-08 16:39:47.399605,0.05235987901687622,0.1186823844909668,frames/2016-08-08 16:39:47.399605.png
2016-08-08 16:39:47.903698,0.05235987901687622,0.1186823844909668,frames/2016-08-08 16:39:47.903698.png
2016-08-08 16:39:48.406743,0.10471975803375244,0.1186823844909668,frames/2016-08-08 16:39:48.406743.png
2016-08-08 16:39:48.907838,0.10471975803375244,0.1186823844909668,frames/2016-08-08 16:39:48.907838.png
2016-08-08 16:39:49.411314,0.15707963705062866,0.1186823844909668,frames/2016-08-08 16:39:49.411314.png
2016-08-08 16:39:49.914413,0.2617993950843811,0.1186823844909668,frames/2016-08-08 16:39:49.914413.png
2016-08-08 16:39:50.416707,0.2617993950843811,0.1186823844909668,frames/2016-08-08 16:39:50.416707.png
2016-08-08 16:39:50.918579,0.2617993950843811,0.1186823844909668,frames/2016-08-08 16:39:50.918579.png
2016-08-08 16:39:51.422184,0.3141592741012573,0.1186823844909668,frames/2016-08-08 16:39:51.422184.png
2016-08-08 16:39:51.923216,0.3141592741012573,0.1186823844909668,frames/2016-08-08 16:39:51.923216.png
2016-08-08 16:39:52.423946,0.3141592741012573,0.1186823844909668,frames/2016-08-08 16:39:52.423946.png
2016-08-08 16:39:52.926818,0.2617993950843811,0.1186823844909668,frames/2016-08-08 16:39:52.926818.png
2016-08-08 16:39:53.429534,0.20943951606750488,0.1186823844909668,frames/2016-08-08 16:39:53.429534.png
2016-08-08 16:39:53.935309,0.2617993950843811,0.1186823844909668,frames/2016-08-08 16:39:53.935309.png
2016-08-08 16:39:54.438648,0.20943951606750488,0.12217305183410644,frames/2016-08-08 16:39:54.438648.png
2016-08-08 16:39:54.942796,0.10471975803375244,0.12217305183410644,frames/2016-08-08 16:39:54.942796.png
2016-08-08 16:39:55.443646,-0.05235987901687622,0.12217305183410644,frames/2016-08-08 16:39:55.443646.png
2016-08-08 16:39:55.948346,-0.10471975803375244,0.12217305183410644,frames/2016-08-08 16:39:55.948346.png
2016-08-08 16:39:56.450273,-0.05235987901687622,0.1186823844909668,frames/2016-08-08 16:39:56.450273.png
2016-08-08 16:39:56.955962,1.3877787807814457e-17,0.1186823844909668,frames/2016-08-08 16:39:56.955962.png
2016-08-08 16:39:57.457693,1.3877787807814457e-17,0.1186823844909668,frames/2016-08-08 16:39:57.457693.png
2016-08-08 16:39:57.959737,1.3877787807814457e-17,0.11519172668457031,frames/2016-08-08 16:39:57.959737.png
2016-08-08 16:39:58.461125,0.05235987901687622,0.11170106887817383,frames/2016-08-08 16:39:58.461125.png
2016-08-08 16:39:58.962111,0.10471975803375244,0.11170106887817383,frames/2016-08-08 16:39:58.962111.png
2016-08-08 16:39:59.463619,0.10471975803375244,0.10471975326538085,frames/2016-08-08 16:39:59.463619.png
2016-08-08 16:39:59.967077,0.10471975803375244,0.09424777984619141,frames/2016-08-08 16:39:59.967077.png
2016-08-08 16:40:00.468309,0.10471975803375244,0.09075712203979493,frames/2016-08-08 16:40:00.468309.png
2016-08-08 16:40:00.969185,0.05235987901687622,0.09075712203979493,frames/2016-08-08 16:40:00.969185.png
2016-08-08 16:40:01.474099,0.05235987901687622,0.08377580642700196,frames/2016-08-08 16:40:01.474099.png
2016-08-08 16:40:01.979497,0.05235987901687622,0.08028514862060547,frames/2016-08-08 16:40:01.979497.png
2016-08-08 16:40:02.484729,0.10471975803375244,0.08028514862060547,frames/2016-08-08 16:40:02.484729.png
2016-08-08 16:40:02.987889,0.10471975803375244,0.07330382823944091,frames/2016-08-08 16:40:02.987889.png
2016-08-08 16:40:03.489458,0.10471975803375244,0.06632251262664796,frames/2016-08-08 16:40:03.489458.png
2016-08-08 16:40:03.990201,0.10471975803375244,0.0593411922454834,frames/2016-08-08 16:40:03.990201.png
2016-08-08 16:40:04.491902,0.20943951606750488,0.0593411922454834,frames/2016-08-08 16:40:04.491902.png
2016-08-08 16:40:04.993462,0.20943951606750488,0.0593411922454834,frames/2016-08-08 16:40:04.993462.png
2016-08-08 16:40:05.499243,0.20943951606750488,0.0593411922454834,frames/2016-08-08 16:40:05.499243.png
2016-08-08 16:40:06.000770,0.15707963705062866,0.0593411922454834,frames/2016-08-08 16:40:06.000770.png
2016-08-08 16:40:06.501848,0.15707963705062866,0.0593411922454834,frames/2016-08-08 16:40:06.501848.png
2016-08-08 16:40:07.005784,0.15707963705062866,0.0593411922454834,frames/2016-08-08 16:40:07.005784.png
2016-08-08 16:40:07.506897,0.15707963705062866,0.0593411922454834,frames/2016-08-08 16:40:07.506897.png
